id,name,email
1,John Smith,john.smith@example.com
2,Jane Doe,jane.doe@example.com
3,Michael Johnson,michael.johnson@example.com
4,Sarah Williams,sarah.williams@example.com
5,Robert Brown,robert.brown@example.com
6,Emily Davis,emily.davis@example.com
7,David Wilson,david.wilson@example.com
8,Lisa Anderson,lisa.anderson@example.com
9,James Taylor,james.taylor@example.com
10,Jennifer Martinez,jennifer.martinez@example.com
11,Christopher Garcia,christopher.garcia@example.com
12,Amanda Rodriguez,amanda.rodriguez@example.com
13,Matthew Lopez,matthew.lopez@example.com
14,Ashley Gonzalez,ashley.gonzalez@example.com
15,Joshua Hernandez,joshua.hernandez@example.com
